bottom,top
1,5281
2,5282
3,5283
4,5284
5,5285
6,5286
7,5287
8,5288
9,5289
10,5290
11,5291
12,5292
13,5293
14,5294
15,5295
16,5296
17,5297
18,5298
19,5299
20,5300
21,5301
22,5302
23,5303
24,5304
25,5305
26,5306
27,5307
28,5308
29,5309
30,5310
31,5311
32,5312
33,5313
5314,15682
5318,15685
5321,15687
5324,15689
5327,15691
5330,15693
5333,15695
5336,15697
5339,15699
5342,15701
5345,15703
5348,15705
5351,15707
5354,15709
5357,15711
5360,15713
5363,15715
5366,15717
5369,15719
5372,15721
5375,15723
5378,15725
5381,15727
5384,15729
5387,15731
5390,15733
5393,15735
5396,15737
5399,15739
5402,15741
5405,15743
5408,15745
